{"type":"FeatureCollection","features":[
{"type":"Feature","geometry":{"type":"Point","coordinates":[-122.66193382682,45.5169372080132]},"properties":{"station":"SE Martin Luther King & Morrison","line":"AL","status":"Existing","type":"SC"}},
{"type":"Feature","geometry":{"type":"Point","coordinates":[-122.691150055188,45.5204089981328]},"properties":{"station":"Kings Hill/SW Salmon St","line":"BR","status":"Existing","type":"MAX"}},
{"type":"Feature","geometry":{"type":"Point","coordinates":[-122.667837215929,45.5301865445771]},"properties":{"station":"Interstate/Rose Quarter","line":"Y","status":"Existing","type":"MAX"}},
{"type":"Feature","geometry":{"type":"Point","coordinates":[-122.682088736855,45.5771091829408]},"properties":{"station":"N Lombard TC","line":"Y","status":"Existing","type":"MAX"}},
{"type":"Feature","geometry":{"type":"Point","coordinates":[-122.661838899356,45.5274116137128]},"properties":{"station":"NE Martin Luther King & Hoyt","line":"AL","status":"Existing","type":"SC"}},
{"type":"Feature","geometry":{"type":"Point","coordinates":[-122.661880947603,45.5233957457257]},"properties":{"station":"NE Martin Luther King & Burnside","line":"AL","status":"Existing","type":"SC"}},
{"type":"Feature","geometry":{"type":"Point","coordinates":[-122.661895148378,45.5190602543066]},"properties":{"station":"SE Martin Luther King & Stark","line":"AL","status":"Existing","type":"SC"}},
{"type":"Feature","geometry":{"type":"Point","coordinates":[-122.66194532807,45.5146566990266]},"properties":{"station":"SE Martin Luther King & Salmon","line":"AL","status":"Existing","type":"SC"}},
{"type":"Feature","geometry":{"type":"Point","coordinates":[-122.682224498811,45.562658122505]},"properties":{"station":"N Killingsworth St","line":"Y","status":"Existing","type":"MAX"}},
{"type":"Feature","geometry":{"type":"Point","coordinates":[-122.66061025391,45.5148793071997]},"properties":{"station":"SE Grand & Taylor","line":"BL","status":"Existing","type":"SC"}},
{"type":"Feature","geometry":{"type":"Point","coordinates":[-122.689848447804,45.5213523695149]},"properties":{"station":"Providence Park","line":"BR","status":"Existing","type":"MAX"}},
{"type":"Feature","geometry":{"type":"Point","coordinates":[-122.68979516406,45.5217980148586]},"properties":{"station":"Providence Park","line":"BR","status":"Existing","type":"MAX"}},
{"type":"Feature","geometry":{"type":"Point","coordinates":[-122.653264227756,45.5027875093816]},"properties":{"station":"Clinton/SE 12th Ave","line":"O","status":"Existing","type":"MAX"}},
{"type":"Feature","geometry":{"type":"Point","coordinates":[-122.648173981718,45.4978435003269]},"properties":{"station":"SE 17th Ave & Rhine St","line":"O","status":"Existing","type":"MAX"}},
{"type":"Feature","geometry":{"type":"Point","coordinates":[-122.83308205683,45.5004342484812]},"properties":{"station":"Beaverton Creek","line":"B","status":"Existing","type":"MAX"}},
{"type":"Feature","geometry":{"type":"Point","coordinates":[-122.677801379298,45.5097422682768]},"properties":{"station":"SW 1st & Harrison","line":"NS/AL/BL","status":"Existing","type":"SC"}},
{"type":"Feature","geometry":{"type":"Point","coordinates":[-122.676558200485,45.5088944630506]},"properties":{"station":"SW Harrison St","line":"NS/AL/BL","status":"Existing","type":"SC"}},
{"type":"Feature","geometry":{"type":"Point","coordinates":[-122.661953552854,45.5124776542421]},"properties":{"station":"SE Martin Luther King & Hawthorne","line":"AL","status":"Existing","type":"SC"}},
{"type":"Feature","geometry":{"type":"Point","coordinates":[-122.685630032618,45.5961329899881]},"properties":{"station":"Delta Park/Vanport","line":"Y","status":"Existing","type":"MAX"}},
{"type":"Feature","geometry":{"type":"Point","coordinates":[-122.764451611206,45.3836646256304]},"properties":{"station":"Tualatin","line":"WES","status":"Existing","type":"CR"}},
{"type":"Feature","geometry":{"type":"Point","coordinates":[-122.775201081477,45.3111618460812]},"properties":{"station":"Wilsonville","line":"WES","status":"Existing","type":"CR"}},
{"type":"Feature","geometry":{"type":"Point","coordinates":[-122.671942045513,45.4961861562825]},"properties":{"station":"SW Moody & Gaines","line":"NS","status":"Existing","type":"SC"}},
{"type":"Feature","geometry":{"type":"Point","coordinates":[-122.671376021937,45.4938943368266]},"properties":{"station":"SW Lowell & Moody","line":"NS","status":"Existing","type":"SC"}},
{"type":"Feature","geometry":{"type":"Point","coordinates":[-122.787064949411,45.4576158997177]},"properties":{"station":"Hall/Nimbus","line":"WES","status":"Existing","type":"CR"}},
{"type":"Feature","geometry":{"type":"Point","coordinates":[-122.76977862446,45.4302203484793]},"properties":{"station":"Tigard TC","line":"WES","status":"Existing","type":"CR"}},
{"type":"Feature","geometry":{"type":"Point","coordinates":[-122.671825025084,45.4993992327697]},"properties":{"station":"SW Moody & Gibbs","line":"NS","status":"Existing","type":"SC"}},
{"type":"Feature","geometry":{"type":"Point","coordinates":[-122.683317660768,45.5315369294405]},"properties":{"station":"NW Northrup & 12th","line":"NS","status":"Existing","type":"SC"}},
{"type":"Feature","geometry":{"type":"Point","coordinates":[-122.696444902232,45.531308734209]},"properties":{"station":"NW Northrup & 22nd","line":"NS","status":"Existing","type":"SC"}},
{"type":"Feature","geometry":{"type":"Point","coordinates":[-122.68391331085,45.5137038037682]},"properties":{"station":"SW Market & Park","line":"NS/BL","status":"Existing","type":"SC"}},
{"type":"Feature","geometry":{"type":"Point","coordinates":[-122.682987645316,45.5089732857045]},"properties":{"station":"PSU South/SW 5th and Jackson","line":"GO","status":"Existing","type":"MAX"}},
{"type":"Feature","geometry":{"type":"Point","coordinates":[-122.682732225356,45.5113468680198]},"properties":{"station":"PSU Urban Center/SW 6th and Montgomery","line":"GY","status":"Existing","type":"MAX"}},
{"type":"Feature","geometry":{"type":"Point","coordinates":[-122.5662602122,45.4910993615132]},"properties":{"station":"SE Holgate Blvd","line":"G","status":"Existing","type":"MAX"}},
{"type":"Feature","geometry":{"type":"Point","coordinates":[-122.566799641463,45.4804216120035]},"properties":{"station":"Lents/SE Foster Rd","line":"G","status":"Existing","type":"MAX"}},
{"type":"Feature","geometry":{"type":"Point","coordinates":[-122.685906574619,45.5838510151531]},"properties":{"station":"Kenton/N Denver Ave","line":"Y","status":"Existing","type":"MAX"}},
{"type":"Feature","geometry":{"type":"Point","coordinates":[-122.566634440636,45.4678475651509]},"properties":{"station":"SE Flavel St","line":"G","status":"Existing","type":"MAX"}},
{"type":"Feature","geometry":{"type":"Point","coordinates":[-122.670738624276,45.4989422790137]},"properties":{"station":"OHSU Commons","line":"NS","status":"Existing","type":"SC"}},
{"type":"Feature","geometry":{"type":"Point","coordinates":[-122.670932717317,45.4955976578637]},"properties":{"station":"SW Bond & Lane","line":"NS","status":"Existing","type":"SC"}},
{"type":"Feature","geometry":{"type":"Point","coordinates":[-122.566179748946,45.4957626995666]},"properties":{"station":"SE Powell Blvd","line":"G","status":"Existing","type":"MAX"}},
{"type":"Feature","geometry":{"type":"Point","coordinates":[-122.566619940677,45.5033942626226]},"properties":{"station":"SE Division St","line":"G","status":"Existing","type":"MAX"}},
{"type":"Feature","geometry":{"type":"Point","coordinates":[-122.680962938853,45.5129219096041]},"properties":{"station":"SW Market & 5th","line":"NS/BL","status":"Existing","type":"SC"}},
{"type":"Feature","geometry":{"type":"Point","coordinates":[-122.682079394919,45.5122202759158]},"properties":{"station":"PSU Urban Center","line":"NS/AL","status":"Existing","type":"SC"}},
{"type":"Feature","geometry":{"type":"Point","coordinates":[-122.684978633536,45.5145466899528]},"properties":{"station":"SW 10th & Clay","line":"NS/AL","status":"Existing","type":"SC"}},
{"type":"Feature","geometry":{"type":"Point","coordinates":[-122.684554367604,45.5130539626358]},"properties":{"station":"SW Mill & Park","line":"NS/AL","status":"Existing","type":"SC"}},
{"type":"Feature","geometry":{"type":"Point","coordinates":[-122.681732990779,45.5205731291997]},"properties":{"station":"SW 10th & Alder","line":"NS/AL","status":"Existing","type":"SC"}},
{"type":"Feature","geometry":{"type":"Point","coordinates":[-122.681088691522,45.5217843476633]},"properties":{"station":"SW 10th & Stark","line":"NS/AL","status":"Existing","type":"SC"}},
{"type":"Feature","geometry":{"type":"Point","coordinates":[-122.68608112241,45.5151046345894]},"properties":{"station":"SW 11th & Clay","line":"NS/BL","status":"Existing","type":"SC"}},
{"type":"Feature","geometry":{"type":"Point","coordinates":[-122.685318092084,45.5164717869211]},"properties":{"station":"SW 11th & Jefferson","line":"NS/BL","status":"Existing","type":"SC"}},
{"type":"Feature","geometry":{"type":"Point","coordinates":[-122.682469599949,45.5192257125626]},"properties":{"station":"Central Library","line":"NS/AL","status":"Existing","type":"SC"}},
{"type":"Feature","geometry":{"type":"Point","coordinates":[-122.683939120292,45.5191461546514]},"properties":{"station":"SW 11th & Taylor","line":"NS/BL","status":"Existing","type":"SC"}},
{"type":"Feature","geometry":{"type":"Point","coordinates":[-122.681247968207,45.5285719138922]},"properties":{"station":"NW 10th & Johnson","line":"NS/AL","status":"Existing","type":"SC"}},
{"type":"Feature","geometry":{"type":"Point","coordinates":[-122.681181935885,45.5264468224196]},"properties":{"station":"NW 10th & Glisan","line":"NS/AL","status":"Existing","type":"SC"}},
{"type":"Feature","geometry":{"type":"Point","coordinates":[-122.68535650502,45.5315068392724]},"properties":{"station":"NW Northrup & 14th","line":"NS","status":"Existing","type":"SC"}},
{"type":"Feature","geometry":{"type":"Point","coordinates":[-122.68132534483,45.53118806404]},"properties":{"station":"NW 10th & Marshall","line":"NS/BL","status":"Existing","type":"SC"}},
{"type":"Feature","geometry":{"type":"Point","coordinates":[-122.564432325201,45.5142685220411]},"properties":{"station":"SE Main St","line":"G","status":"Existing","type":"MAX"}},
{"type":"Feature","geometry":{"type":"Point","coordinates":[-122.800876750484,45.4909202956303]},"properties":{"station":"Beaverton TC","line":"WES","status":"Existing","type":"CR"}},
{"type":"Feature","geometry":{"type":"Point","coordinates":[-122.681083992228,45.5235925183052]},"properties":{"station":"NW 10th & Couch","line":"NS/AL","status":"Existing","type":"SC"}},
{"type":"Feature","geometry":{"type":"Point","coordinates":[-122.68111114181,45.5250104819996]},"properties":{"station":"NW 10th & Everett","line":"NS/AL","status":"Existing","type":"SC"}},
{"type":"Feature","geometry":{"type":"Point","coordinates":[-122.694455470465,45.531346740113]},"properties":{"station":"NW Northrup & 21st","line":"NS","status":"Existing","type":"SC"}},
{"type":"Feature","geometry":{"type":"Point","coordinates":[-122.689416561638,45.5314373379727]},"properties":{"station":"NW Northrup & 18th","line":"NS","status":"Existing","type":"SC"}},
{"type":"Feature","geometry":{"type":"Point","coordinates":[-122.68222330805,45.5237848934018]},"properties":{"station":"NW 11th & Couch","line":"NS/BL","status":"Existing","type":"SC"}},
{"type":"Feature","geometry":{"type":"Point","coordinates":[-122.681615609345,45.5198607935743]},"properties":{"station":"Galleria/SW 10th Ave","line":"BR","status":"Existing","type":"MAX"}},
{"type":"Feature","geometry":{"type":"Point","coordinates":[-122.67912679872,45.5191967505309]},"properties":{"station":"Pioneer Square North","line":"BR","status":"Existing","type":"MAX"}},
{"type":"Feature","geometry":{"type":"Point","coordinates":[-122.565592776455,45.5590231672889]},"properties":{"station":"Parkrose/Sumner TC","line":"R","status":"Existing","type":"MAX"}},
{"type":"Feature","geometry":{"type":"Point","coordinates":[-122.780998909937,45.5102486388053]},"properties":{"station":"Sunset TC","line":"BR","status":"Existing","type":"MAX"}},
{"type":"Feature","geometry":{"type":"Point","coordinates":[-122.689587554933,45.5299305690787]},"properties":{"station":"NW Lovejoy & 18th","line":"NS","status":"Existing","type":"SC"}},
{"type":"Feature","geometry":{"type":"Point","coordinates":[-122.68461302476,45.5299978059565]},"properties":{"station":"NW Lovejoy & 13th","line":"NS","status":"Existing","type":"SC"}},
{"type":"Feature","geometry":{"type":"Point","coordinates":[-122.682818488493,45.5210930169493]},"properties":{"station":"SW 11th & Alder","line":"NS/BL","status":"Existing","type":"SC"}},
{"type":"Feature","geometry":{"type":"Point","coordinates":[-122.68229674681,45.5266094824602]},"properties":{"station":"NW 11th & Glisan","line":"NS/BL","status":"Existing","type":"SC"}},
{"type":"Feature","geometry":{"type":"Point","coordinates":[-122.682245848064,45.5251837391171]},"properties":{"station":"NW 11th & Everett","line":"NS/BL","status":"Existing","type":"SC"}},
{"type":"Feature","geometry":{"type":"Point","coordinates":[-122.567144681058,45.5771320126601]},"properties":{"station":"Mt Hood Ave","line":"R","status":"Existing","type":"MAX"}},
{"type":"Feature","geometry":{"type":"Point","coordinates":[-122.696880151465,45.529744746489]},"properties":{"station":"NW Lovejoy & 22nd","line":"NS","status":"Existing","type":"SC"}},
{"type":"Feature","geometry":{"type":"Point","coordinates":[-122.694674241065,45.5298362817016]},"properties":{"station":"NW Lovejoy & 21st","line":"NS","status":"Existing","type":"SC"}},
{"type":"Feature","geometry":{"type":"Point","coordinates":[-122.698688378039,45.5306155424184]},"properties":{"station":"NW 23rd & Marshall","line":"NS","status":"Existing","type":"SC"}},
{"type":"Feature","geometry":{"type":"Point","coordinates":[-122.683992564314,45.5163049340551]},"properties":{"station":"Art Museum","line":"NS/AL","status":"Existing","type":"SC"}},
{"type":"Feature","geometry":{"type":"Point","coordinates":[-122.675056926176,45.5181082375422]},"properties":{"station":"Morrison/SW 3rd Ave","line":"BR","status":"Existing","type":"MAX"}},
{"type":"Feature","geometry":{"type":"Point","coordinates":[-122.67705915588,45.5186436170124]},"properties":{"station":"Mall/SW 5th Ave","line":"BR","status":"Existing","type":"MAX"}},
{"type":"Feature","geometry":{"type":"Point","coordinates":[-122.682374944671,45.5287453176385]},"properties":{"station":"NW 11th & Johnson","line":"NS/BL","status":"Existing","type":"SC"}},
{"type":"Feature","geometry":{"type":"Point","coordinates":[-122.55827431967,45.5226407102386]},"properties":{"station":"E 102nd Ave","line":"B","status":"Existing","type":"MAX"}},
{"type":"Feature","geometry":{"type":"Point","coordinates":[-122.59339837945,45.587878161724]},"properties":{"station":"Portland International Airport","line":"R","status":"Existing","type":"MAX"}},
{"type":"Feature","geometry":{"type":"Point","coordinates":[-122.677412832648,45.518011580001]},"properties":{"station":"Mall/SW 4th Ave","line":"BR","status":"Existing","type":"MAX"}},
{"type":"Feature","geometry":{"type":"Point","coordinates":[-122.537746300158,45.5224943150259]},"properties":{"station":"E 122nd Ave","line":"B","status":"Existing","type":"MAX"}},
{"type":"Feature","geometry":{"type":"Point","coordinates":[-122.496432465157,45.5221734513437]},"properties":{"station":"E 162nd Ave","line":"B","status":"Existing","type":"MAX"}},
{"type":"Feature","geometry":{"type":"Point","coordinates":[-122.460346237733,45.5161294963082]},"properties":{"station":"Ruby Junction/E 197th Ave","line":"B","status":"Existing","type":"MAX"}},
{"type":"Feature","geometry":{"type":"Point","coordinates":[-122.470758711846,45.5205382929929]},"properties":{"station":"Rockwood/E 188th Ave","line":"B","status":"Existing","type":"MAX"}},
{"type":"Feature","geometry":{"type":"Point","coordinates":[-122.662202900472,45.5300904692961]},"properties":{"station":"Convention Center","line":"BGR","status":"Existing","type":"MAX"}},
{"type":"Feature","geometry":{"type":"Point","coordinates":[-122.658059051249,45.5300939719635]},"properties":{"station":"NE 7th Ave","line":"BGR","status":"Existing","type":"MAX"}},
{"type":"Feature","geometry":{"type":"Point","coordinates":[-122.426976739717,45.5025875292738]},"properties":{"station":"Gresham Central TC","line":"B","status":"Existing","type":"MAX"}},
{"type":"Feature","geometry":{"type":"Point","coordinates":[-122.436063112232,45.505832489246]},"properties":{"station":"Gresham City Hall","line":"B","status":"Existing","type":"MAX"}},
{"type":"Feature","geometry":{"type":"Point","coordinates":[-122.679427550903,45.5185507068607]},"properties":{"station":"Pioneer Square South","line":"BR","status":"Existing","type":"MAX"}},
{"type":"Feature","geometry":{"type":"Point","coordinates":[-122.603019825405,45.528627585134]},"properties":{"station":"NE 60th Ave","line":"BGR","status":"Existing","type":"MAX"}},
{"type":"Feature","geometry":{"type":"Point","coordinates":[-122.665572282008,45.5301627202208]},"properties":{"station":"Rose Quarter TC","line":"BGR","status":"Existing","type":"MAX"}},
{"type":"Feature","geometry":{"type":"Point","coordinates":[-122.672332913046,45.5200833812469]},"properties":{"station":"Oak/ SW 1st Ave","line":"BR","status":"Existing","type":"MAX"}},
{"type":"Feature","geometry":{"type":"Point","coordinates":[-122.621010446617,45.5328572144854]},"properties":{"station":"Hollywood/NE 42nd Ave TC","line":"BGR","status":"Existing","type":"MAX"}},
{"type":"Feature","geometry":{"type":"Point","coordinates":[-122.654029694675,45.5300849072844]},"properties":{"station":"Lloyd Center/NE 11th Ave","line":"BGR","status":"Existing","type":"MAX"}},
{"type":"Feature","geometry":{"type":"Point","coordinates":[-122.510651439701,45.5222963099815]},"properties":{"station":"E 148th Ave","line":"B","status":"Existing","type":"MAX"}},
{"type":"Feature","geometry":{"type":"Point","coordinates":[-122.578088221556,45.5333389225471]},"properties":{"station":"NE 82nd Ave","line":"BGR","status":"Existing","type":"MAX"}},
{"type":"Feature","geometry":{"type":"Point","coordinates":[-122.477110835619,45.5220124284476]},"properties":{"station":"E 181st Ave","line":"B","status":"Existing","type":"MAX"}},
{"type":"Feature","geometry":{"type":"Point","coordinates":[-122.486104313201,45.5220898078375]},"properties":{"station":"E 172nd Ave","line":"B","status":"Existing","type":"MAX"}},
{"type":"Feature","geometry":{"type":"Point","coordinates":[-122.563652601595,45.5306609797117]},"properties":{"station":"Gateway/NE 99th Ave TC","line":"BGR","status":"Existing","type":"MAX"}},
{"type":"Feature","geometry":{"type":"Point","coordinates":[-122.693830205309,45.5181142640987]},"properties":{"station":"Goose Hollow/SW Jefferson St","line":"BR","status":"Existing","type":"MAX"}},
{"type":"Feature","geometry":{"type":"Point","coordinates":[-122.716907475994,45.5106442668588]},"properties":{"station":"Washington Park","line":"BR","status":"Existing","type":"MAX"}},
{"type":"Feature","geometry":{"type":"Point","coordinates":[-122.978361742952,45.5213007343974]},"properties":{"station":"Tuality Hospital/SE 8th Ave","line":"B","status":"Existing","type":"MAX"}},
{"type":"Feature","geometry":{"type":"Point","coordinates":[-122.674358261229,45.5171501160349]},"properties":{"station":"Yamhill District","line":"BR","status":"Existing","type":"MAX"}},
{"type":"Feature","geometry":{"type":"Point","coordinates":[-122.681936207281,45.5192192738534]},"properties":{"station":"Library/SW 9th Ave","line":"BR","status":"Existing","type":"MAX"}},
{"type":"Feature","geometry":{"type":"Point","coordinates":[-122.985289389372,45.5213792474605]},"properties":{"station":"Hillsboro Central/SE 3rd TC","line":"B","status":"Existing","type":"MAX"}},
{"type":"Feature","geometry":{"type":"Point","coordinates":[-122.930739259804,45.5299744478593]},"properties":{"station":"Hawthorn Farm","line":"B","status":"Existing","type":"MAX"}},
{"type":"Feature","geometry":{"type":"Point","coordinates":[-122.842162390206,45.5052405642519]},"properties":{"station":"Merlo Rd/SW 158th Ave","line":"B","status":"Existing","type":"MAX"}},
{"type":"Feature","geometry":{"type":"Point","coordinates":[-122.671328393312,45.5231217458945]},"properties":{"station":"Skidmore Fountain","line":"BR","status":"Existing","type":"MAX"}},
{"type":"Feature","geometry":{"type":"Point","coordinates":[-122.969544233923,45.5211772231157]},"properties":{"station":"Washington/SE 12th Ave","line":"B","status":"Existing","type":"MAX"}},
{"type":"Feature","geometry":{"type":"Point","coordinates":[-122.991020705219,45.52218895712]},"properties":{"station":"Hatfield Government Center","line":"B","status":"Existing","type":"MAX"}},
{"type":"Feature","geometry":{"type":"Point","coordinates":[-122.946142748994,45.5269849064122]},"properties":{"station":"Fairplex/Hillsboro Airport","line":"B","status":"Existing","type":"MAX"}},
{"type":"Feature","geometry":{"type":"Point","coordinates":[-122.851463412025,45.509962691078]},"properties":{"station":"Elmonica/SW 170th Ave","line":"B","status":"Existing","type":"MAX"}},
{"type":"Feature","geometry":{"type":"Point","coordinates":[-122.671407168853,45.5249332299214]},"properties":{"station":"Old Town/Chinatown","line":"BR","status":"Existing","type":"MAX"}},
{"type":"Feature","geometry":{"type":"Point","coordinates":[-122.870210244852,45.5172519541696]},"properties":{"station":"Willow Creek/SW 185th Ave TC","line":"B","status":"Existing","type":"MAX"}},
{"type":"Feature","geometry":{"type":"Point","coordinates":[-122.807101258279,45.4904721509436]},"properties":{"station":"Beaverton Central","line":"B","status":"Existing","type":"MAX"}},
{"type":"Feature","geometry":{"type":"Point","coordinates":[-122.915831897738,45.5302862350702]},"properties":{"station":"Orenco/NW 231st Ave","line":"B","status":"Existing","type":"MAX"}},
{"type":"Feature","geometry":{"type":"Point","coordinates":[-122.888799408234,45.5231934290454]},"properties":{"station":"Quatama/NW 205th Ave","line":"B","status":"Existing","type":"MAX"}},
{"type":"Feature","geometry":{"type":"Point","coordinates":[-122.821531664163,45.495263713282]},"properties":{"station":"Millikan Way","line":"B","status":"Existing","type":"MAX"}},
{"type":"Feature","geometry":{"type":"Point","coordinates":[-122.418494924976,45.5017693405974]},"properties":{"station":"Cleveland Ave","line":"B","status":"Existing","type":"MAX"}},
{"type":"Feature","geometry":{"type":"Point","coordinates":[-122.682476221833,45.5309059064105]},"properties":{"station":"NW 11th & Marshall","line":"BL","status":"Existing","type":"SC"}},
{"type":"Feature","geometry":{"type":"Point","coordinates":[-122.660548875738,45.5316945987787]},"properties":{"station":"NE Grand & Multnomah","line":"BL","status":"Existing","type":"SC"}},
{"type":"Feature","geometry":{"type":"Point","coordinates":[-122.680491389118,45.5300632685556]},"properties":{"station":"NW Lovejoy - 9th","line":"AL","status":"Existing","type":"SC"}},
{"type":"Feature","geometry":{"type":"Point","coordinates":[-122.660323373993,45.5344217742267]},"properties":{"station":"NE Weidler & Grand","line":"AL","status":"Existing","type":"SC"}},
{"type":"Feature","geometry":{"type":"Point","coordinates":[-122.658707931307,45.5333946023895]},"properties":{"station":"NE 7th & Halsey","line":"AL","status":"Existing","type":"SC"}},
{"type":"Feature","geometry":{"type":"Point","coordinates":[-122.663466153971,45.5344381966078]},"properties":{"station":"NE Weidler & 2nd","line":"AL","status":"Existing","type":"SC"}},
{"type":"Feature","geometry":{"type":"Point","coordinates":[-122.68363711977,45.5096272423161]},"properties":{"station":"PSU South/SW 6th and College","line":"GY","status":"Existing","type":"MAX"}},
{"type":"Feature","geometry":{"type":"Point","coordinates":[-122.658757308196,45.5305481466708]},"properties":{"station":"NE 7th & Holladay","line":"AL","status":"Existing","type":"SC"}},
{"type":"Feature","geometry":{"type":"Point","coordinates":[-122.672759735723,45.5030721811364]},"properties":{"station":"South Waterfront","line":"NS/AL/BL","status":"Existing","type":"SC"}},
{"type":"Feature","geometry":{"type":"Point","coordinates":[-122.663426961731,45.5350080053478]},"properties":{"station":"NE Broadway & 2nd","line":"BL","status":"Existing","type":"SC"}},
{"type":"Feature","geometry":{"type":"Point","coordinates":[-122.660634286937,45.5169417096743]},"properties":{"station":"SE Grand & Morrison","line":"BL","status":"Existing","type":"SC"}},
{"type":"Feature","geometry":{"type":"Point","coordinates":[-122.639938005755,45.4412542465979]},"properties":{"station":"Milwaukie/Main St","line":"O","status":"Existing","type":"MAX"}},
{"type":"Feature","geometry":{"type":"Point","coordinates":[-122.660544495062,45.5275442617543]},"properties":{"station":"NE Grand & Irving","line":"BL","status":"Existing","type":"SC"}},
{"type":"Feature","geometry":{"type":"Point","coordinates":[-122.558011193478,45.5722388031539]},"properties":{"station":"Cascades","line":"R","status":"Existing","type":"MAX"}},
{"type":"Feature","geometry":{"type":"Point","coordinates":[-122.6692472809,45.5344372662847]},"properties":{"station":"NE Weidler & Ross","line":"AL","status":"Existing","type":"SC"}},
{"type":"Feature","geometry":{"type":"Point","coordinates":[-122.661958164618,45.5095522625896]},"properties":{"station":"SE Martin Luther King & Stephens","line":"AL","status":"Existing","type":"SC"}},
{"type":"Feature","geometry":{"type":"Point","coordinates":[-122.660576939617,45.5227385085358]},"properties":{"station":"SE Grand & Burnside","line":"BL","status":"Existing","type":"SC"}},
{"type":"Feature","geometry":{"type":"Point","coordinates":[-122.660588584929,45.5196820750843]},"properties":{"station":"SE Grand & Stark","line":"BL","status":"Existing","type":"SC"}},
{"type":"Feature","geometry":{"type":"Point","coordinates":[-122.660389994999,45.5286915054453]},"properties":{"station":"NE Oregon & Grand","line":"BL","status":"Existing","type":"SC"}},
{"type":"Feature","geometry":{"type":"Point","coordinates":[-122.66051225821,45.5297628102449]},"properties":{"station":"NE Grand & Holladay","line":"BL","status":"Existing","type":"SC"}},
{"type":"Feature","geometry":{"type":"Point","coordinates":[-122.640000618332,45.4747227771544]},"properties":{"station":"SE Bybee Blvd","line":"O","status":"Existing","type":"MAX"}},
{"type":"Feature","geometry":{"type":"Point","coordinates":[-122.637585499466,45.4627806982749]},"properties":{"station":"SE Tacoma St/Johnson Creek","line":"O","status":"Existing","type":"MAX"}},
{"type":"Feature","geometry":{"type":"Point","coordinates":[-122.660624939349,45.5126378893641]},"properties":{"station":"SE Grand & Madison","line":"BL","status":"Existing","type":"SC"}},
{"type":"Feature","geometry":{"type":"Point","coordinates":[-122.648503543152,45.490884330251]},"properties":{"station":"SE 17th Ave & Holgate Blvd","line":"O","status":"Existing","type":"MAX"}},
{"type":"Feature","geometry":{"type":"Point","coordinates":[-122.676561733223,45.5270067488067]},"properties":{"station":"Union Station/NW 6th and Hoyt","line":"GY","status":"Existing","type":"MAX"}},
{"type":"Feature","geometry":{"type":"Point","coordinates":[-122.660683012609,45.5099574371999]},"properties":{"station":"SE Grand & Mill","line":"BL","status":"Existing","type":"SC"}},
{"type":"Feature","geometry":{"type":"Point","coordinates":[-122.676931109075,45.5221127769427]},"properties":{"station":"SW 6th and Pine","line":"GY","status":"Existing","type":"MAX"}},
{"type":"Feature","geometry":{"type":"Point","coordinates":[-122.675472936975,45.5241719839701]},"properties":{"station":"NW 5th and Couch","line":"GO","status":"Existing","type":"MAX"}},
{"type":"Feature","geometry":{"type":"Point","coordinates":[-122.801501610498,45.4914411757504]},"properties":{"station":"Beaverton TC","line":"BR","status":"Existing","type":"MAX"}},
{"type":"Feature","geometry":{"type":"Point","coordinates":[-122.677787351698,45.5184990717116]},"properties":{"station":"Pioneer Place/SW 5th","line":"GO","status":"Existing","type":"MAX"}},
{"type":"Feature","geometry":{"type":"Point","coordinates":[-122.671336990002,45.5027073909781]},"properties":{"station":"South Waterfront/SW Moody Ave","line":"O","status":"Existing","type":"MAX"}},
{"type":"Feature","geometry":{"type":"Point","coordinates":[-122.680509087113,45.5079217305944]},"properties":{"station":"Lincoln St/SW 3rd Ave","line":"O","status":"Existing","type":"MAX"}},
{"type":"Feature","geometry":{"type":"Point","coordinates":[-122.682141979127,45.5698916617256]},"properties":{"station":"Rosa Parks","line":"Y","status":"Existing","type":"MAX"}},
{"type":"Feature","geometry":{"type":"Point","coordinates":[-122.685564867447,45.6054499681966]},"properties":{"station":"Expo Center","line":"Y","status":"Existing","type":"MAX"}},
{"type":"Feature","geometry":{"type":"Point","coordinates":[-122.680996971099,45.5486779285672]},"properties":{"station":"Overlook Park","line":"Y","status":"Existing","type":"MAX"}},
{"type":"Feature","geometry":{"type":"Point","coordinates":[-122.675508529894,45.5395602614133]},"properties":{"station":"Albina/Mississippi","line":"Y","status":"Existing","type":"MAX"}},
{"type":"Feature","geometry":{"type":"Point","coordinates":[-122.682292767868,45.5551829705447]},"properties":{"station":"N Prescott St","line":"Y","status":"Existing","type":"MAX"}},
{"type":"Feature","geometry":{"type":"Point","coordinates":[-122.674048205197,45.5071126727652]},"properties":{"station":"SW River & Moody","line":"NS/AL/BL","status":"Existing","type":"SC"}},
{"type":"Feature","geometry":{"type":"Point","coordinates":[-122.663366677824,45.5070086932569]},"properties":{"station":"OMSI","line":"AL/BL","status":"Existing","type":"SC"}},
{"type":"Feature","geometry":{"type":"Point","coordinates":[-122.66273183426,45.5065525125545]},"properties":{"station":"OMSI/SE Water Ave","line":"O","status":"Existing","type":"MAX"}},
{"type":"Feature","geometry":{"type":"Point","coordinates":[-122.679722264545,45.5102502161021]},"properties":{"station":"SW Harrison & 3rd","line":"NS/AL/BL","status":"Existing","type":"SC"}},
{"type":"Feature","geometry":{"type":"Point","coordinates":[-122.635061781385,45.4306800011357]},"properties":{"station":"SE Park Ave","line":"O","status":"Existing","type":"MAX"}},
{"type":"Feature","geometry":{"type":"Point","coordinates":[-122.669487136389,45.5344411620787]},"properties":{"station":"NE Broadway & Ross","line":"BL","status":"Existing","type":"SC"}},
{"type":"Feature","geometry":{"type":"Point","coordinates":[-122.681411535336,45.5115964248208]},"properties":{"station":"SW 5th & Montgomery","line":"NS/BL","status":"Existing","type":"SC"}},
{"type":"Feature","geometry":{"type":"Point","coordinates":[-122.660512344723,45.5348347055219]},"properties":{"station":"NE Grand & Weidler","line":"BL","status":"Existing","type":"SC"}},
{"type":"Feature","geometry":{"type":"Point","coordinates":[-122.676456284369,45.5241370427413]},"properties":{"station":"NW 6th and Davis","line":"GY","status":"Existing","type":"MAX"}},
{"type":"Feature","geometry":{"type":"Point","coordinates":[-122.675969853912,45.5218653426008]},"properties":{"station":"SW 5th and Oak","line":"GO","status":"Existing","type":"MAX"}},
{"type":"Feature","geometry":{"type":"Point","coordinates":[-122.68145937417,45.5117397554539]},"properties":{"station":"PSU Urban Center/SW 5th and Mill","line":"GO","status":"Existing","type":"MAX"}},
{"type":"Feature","geometry":{"type":"Point","coordinates":[-122.680535966605,45.5154216319592]},"properties":{"station":"SW 6th and Madison St","line":"GY","status":"Existing","type":"MAX"}},
{"type":"Feature","geometry":{"type":"Point","coordinates":[-122.573609157236,45.4533978429516]},"properties":{"station":"SE Fuller Rd","line":"G","status":"Existing","type":"MAX"}},
{"type":"Feature","geometry":{"type":"Point","coordinates":[-122.567759661716,45.4357225256293]},"properties":{"station":"Clackamas Town Center TC","line":"G","status":"Existing","type":"MAX"}},
{"type":"Feature","geometry":{"type":"Point","coordinates":[-122.441515520004,45.5081067526752]},"properties":{"station":"Civic Drive","line":"B","status":"Existing","type":"MAX"}},
{"type":"Feature","geometry":{"type":"Point","coordinates":[-122.675578253149,45.5270016455614]},"properties":{"station":"Union Station/NW 5th and Glisan","line":"GO","status":"Existing","type":"MAX"}},
{"type":"Feature","geometry":{"type":"Point","coordinates":[-122.67875243344,45.5187459769212]},"properties":{"station":"Pioneer Courthouse/SW 6th","line":"GY","status":"Existing","type":"MAX"}},
{"type":"Feature","geometry":{"type":"Point","coordinates":[-122.679591309999,45.5151618428285]},"properties":{"station":"City Hall/SW 5th and Jefferson","line":"GO","status":"Existing","type":"MAX"}}
]}
